1,CTRZFZKU
2,HYJKWUOX
3,2S4MENHE
4,NGWMWUMQ
5,P7WNDHK9
6,YLNV1RW8
7,C9QFKLVV
8,OXCIERYG
9,NHPM6XI5
10,R9PXPSHF
11,NYXVKBNH
12,YHNO79FD
13,XNOYIEO3
14,BYUCST1T
15,UBRG7YGO
16,WFE5CFIW
17,EDKIQJBU
18,PFJTEXOH
19,BFP7N4LE
20,TNAYZJDE
21,LQXFDUGZ
22,BQAPHLC0
23,8HFNXLGP
24,K1QDMO5G
25,MWPB6W4N
26,YBGAV7FK
27,5TBHPVIF
28,9NZMNCMT
29,BPKPTAWE
30,UHY2UOIH
31,TY8QDXM7
32,J9Z48IPK
33,8ZPFEYBX
34,5S4XODCQ
35,5B4LGY2C
36,NWYHUUIK
37,29WQTWZZ
38,U5TOC99X
39,PUJDKRIO
40,INVCI6IO
41,P5RO9YSJ
42,ZCOD7RTQ
43,JEBBNPGH
44,J32EP7VS
45,JC3GP679
46,7J3DVRWR
47,XNU80W7V
48,IJUOJUAR
49,SRDBSQCR
50,HKTIRG5P
51,BHREFOQV
52,VOAI0RIB
53,RHAZS8F8
54,ULLJZW2M
55,JE8POCXT
56,N7STHAOW
57,W2HWTKYJ
58,THKGMY9N
59,RPTQZTDM
60,2BRTHUDQ
61,XFGWQ8GE
62,TVSQFYPY
63,VNPMIIBF
64,TRPMBDFR
65,M8ZEMKMU
66,PKCO53RD
67,A0IOEW1L
68,JMWHVK2M
69,6TVTUXAZ
70,RB7JORFT
71,RV8J4CTF
72,YOWKND1F
73,1RNVVYG6
74,EGXGFSQL
75,OEUFC9CC
76,GFBVCQRD
77,3VIXPOVS
78,QMHOXTXN
79,RAASRCLZ
80,N7JFTV6E
81,PI445Z3V
82,LPBNYV2P
83,STXTAIXN
84,NDTXXJRT
85,JMH3HLKA
86,F2IEONBB
87,LBGOXYKU
88,9CWPHWWS
89,AWP3S922
90,G9N3VE9P
91,3OFQP3FX
92,NTFQZFNH
93,CRGL2LES
94,6SDDBSUR
95,YQU6QRRZ
96,TLY2IOG0
97,PJOPJQCG
98,3MKIQPRA
99,JPIKLBZE
100,SIGJHH46
101,3UJS0LOG
102,6RWDF4K7
103,VVLWULW0
104,JX6JZX7Y
105,JBOA6DMC
106,GJVKXNCQ
107,O9B6WMQV
108,2OOLWXOB
109,IUUAGKHU
110,CRQAHLAL
111,NFNHJRQM
112,J6WLXS3V
113,P92835QG
114,O3WQTHGM
115,ZPOQFTBV
116,J1CFWQAT
117,M27V8QC8
118,KR1S04LF
119,LBGXWKLE
120,ESMVNP8B
121,YSD8WYJV
122,HVI3TUIH
123,UMMT0SGY
124,WTRTDZQJ
125,IN4NGUXY
126,GA1YJWVG
127,5TSP0GQY
128,R2CBSXEP
129,KHOLHTIO
130,SWASFACV
131,OWU77EMZ
132,O2TBFBXC
133,YAOOD7QI
134,HSACTT0K
135,JSPXB31K
136,3FVNGCOL
137,NJBWTIOC
138,FMZVPPBF
139,CMLBKREU
140,ECFK6CN0
141,LFDAYIMA
142,NNS4QXAT
143,WGSMV8AE
144,RFT8EGSG
145,HBQSJAZY
146,KYKRPE29
147,QZHT6LHC
148,7JPKIJIW
149,BOCJQPU3
150,HYIYVDCW
151,HEFORYHK
152,ARBAOTVQ
153,9OTSGJVJ
154,ZEFH60UI
155,YJMWPCPY
156,TGJD2YHC
157,NHA3OWCH
158,9OJYLG04
159,N1BQWYQ1
160,Q3W2UTS7
161,WQELACAI
162,AJP4UFHS
163,YOYOXCSX
164,ECJL94MJ
165,HRRUQ1F0
166,H5AWCVZH
167,WULLW1KY
168,2R3U7CEK
169,4OYMAGPG
170,YBYA4PE8
171,NNV9BLMW
172,0DDSCP5G
173,JGGX2A5W
174,VSPQPELV
175,SVXPQSFO
176,95H137PC
177,UV9RYXRN
178,VPJW5NH3
179,3BWLYOTO
180,S26QE9YN
181,DRLBBTAS
182,DD3OKTUL
183,OXRIF6CT
184,G1FX4FDJ
185,XU3O3NP5
186,CZLTRM5K
187,TPXPWSHT
188,ZTUG2EGU
189,KQS6KWZJ
190,HO6HMVB0
191,FAB6TKHC
192,DVKMTIEU
193,BMA9OZ9V
194,BUFRUIO1
195,E0W2OAYI
196,4NLQNF5F
197,UYLVUSYW
198,VUBVIPOH
199,PT7ZGBPN
200,7LMDMRKP
201,A5C0407V
202,EZ4TCEO6
203,FVUHFL8M
204,QOCRADVY
205,XDTGEZPR
206,IS47WOOV
207,NDMIBURE
208,KWLFPZHL
209,GE7RCBB2
210,WJD7PDZA
211,FGLKEBXR
212,ZVVCNUCZ
213,SOGV4OF6
214,VN6KRAGP
215,TTGMKUKO
216,9GZRIPXH
217,BWPXWJTV
218,8CUIDJHR
219,UTNQTTGT
220,G4TPQDN0
221,4ITWLFGR
222,73SOLBDB
223,SYB1UULQ
224,N2CPDFHC
225,HU9CBQ7J
226,OXBVMHQO
227,WO6IRKOY
228,LYBNPXXO
229,NL182OB0
230,CQHEB1Z0
231,UVFWNM9R
232,SNDVYZ5K
233,OKY68RUA
234,JCNXUSX4
235,FKCO9SDN
236,KC8KM4DS
237,CD2RN572
238,LHRXL42G
239,3YL1XF66
240,53ONZJ33
241,E1RYOX0A
242,EONTE8LJ
243,LC7XLUAL
244,4DBAXLOM
245,F3KVWVGP
246,KKX8C7DS
247,UASNRFRG
248,BLJRMHSU
249,O3FB8FC4
250,GGDDWDHC
251,XXMTWYG4
252,YF3OPYYR
253,ED5TVKFV
254,IYYM8368
255,HCKDEHIC
256,LVB3YD6J
257,03X7NBXY
258,8SSWNOYC
259,XSMCOB96
260,GGCRXO3M
261,WAR0BAQE
262,ZM8OQO0F
263,1W5JANKP
264,DSRUWOW5
265,WKLEQNJN
266,UU3OO3SA
267,FYKCKUQV
268,EDHREQKA
269,4E6N96WX
270,XEPNK0NV
271,KIR1D75E
272,KDVSOWAN
273,XKR0QBIY
274,ABNS9QVU
275,EXWFR4JZ
276,ZCI1UIAN
277,VQGVS4GW
278,IR994MRY
279,J2ROPZOY
280,BXQPRLEA
281,GBFW5M0P
282,CWLQNGER
283,8YWMQWEO
284,YUCJDRF7
285,XT8Y0HPD
286,46T0ILPO
287,YCWAIG4C
288,9DBIS0HE
289,7NOVSLIA
290,VXBKTTVS
291,OWQDONKA
292,QM8S50LM
293,9QWKPV15
294,Y14JTWKR
295,ORCQHDBN
296,IOMXPPVX
297,YPE8OCGI
298,LIGVY7AV
299,JFEDR5PJ
300,XYOPA2DO